<?xml version='1.0' encoding='UTF-8'?>
<server>
  
    <openidConnectClient id="ContentServicesUms"
                         mapIdentityToRegistryUser="true"
                         scope="openid profile email"
                         responseType="code"
                         clientId="contentServicesUms"
                         clientSecret="password"
                         issuerIdentifier="https://<UMS host>:<UMS port>/oidc/endpoint/ums"
                         audiences="contentServicesUms"
                         validationMethod="introspect"
                         inboundPropagation="supported"
                         signatureAlgorithm="RS256"
                         jwkEndpointUrl="https://<UMS host>:<UMS port>/oidc/endpoint/ums/jwk"
                         validationEndpointUrl="https://<UMS host>:<UMS port>/oidc/endpoint/ums/introspect"
                         authorizationEndpointUrl="https://<UMS host>:<UMS port>/oidc/endpoint/ums/authorize"
                         tokenEndpointUrl="https://<UMS host>:<UMS port>/oidc/endpoint/ums/token">
    </openidConnectClient>

</server>
